<assembly xmlns="http://maven.apache.org/plugins/maven-assembly-plugin/assembly/1.1.2"
    xmlns:xsi="http://www.w3.org/2001/XMLSchema-instance"
    xsi:schemaLocation="http://maven.apache.org/plugins/maven-assembly-plugin/assembly/1.1.2 http://maven.apache.org/xsd/assembly-1.1.2.xsd">
  <id>confPackage</id>
  <formats>
    <format>jar</format>
  </formats>
  <includeBaseDirectory>false</includeBaseDirectory>
  <fileSets>
    <fileSet>
      <directory>${basedir}/src/main/resources/META-INF</directory>
      <outputDirectory>/META-INF</outputDirectory>
    </fileSet>
    <fileSet>
      <directory>${basedir}/src/main/resources/classpath</directory>
      <outputDirectory>/classpath</outputDirectory>
    </fileSet>
    <fileSet>
      <directory>${basedir}/src/main/resources/files</directory>
      <outputDirectory>/files</outputDirectory>
    </fileSet>
    <fileSet>
      <directory>${basedir}/src/main/resources/app</directory>
      <outputDirectory>/app</outputDirectory>
    </fileSet>
  </fileSets>

</assembly>

